Model,Correctness Accuracy,Format Compliance,Yoda-Style Score,Avg Total Reward
SFT + RL (correctness+format) [Q3],0.5724015944777057,0.645,0.30611998081207276,0.4804086301159114
Base + Full Reward [Q4],0.502334776762873,0.55,0.956633922457695,0.6935874796882271
